{
  "0A9B4653-B11E-4D6A-850E-C6FCB621626C" : {
    "cameraTransform" : [
      1,
      0,
      0,
      0,
      0,
      0.86602544784545898,
      -0.49999994039535522,
      0,
      0,
      0.49999994039535522,
      0.86602544784545898,
      0,
      0.0035969093441963196,
      0.35542377829551697,
      0.62919163703918457,
      1
    ],
    "objectMetadataList" : [
      [
        "0A9B4653-B11E-4D6A-850E-C6FCB621626C",
        "Root"
      ],
      {
        "isExpanded" : true,
        "isLocked" : false
      }
    ]
  },
  "65F6F990-A780-4474-B78B-572E0E4E273D" : {
    "cameraTransform" : [
      1,
      0,
      0,
      0,
      0,
      0.86602544784545898,
      -0.49999988079071045,
      0,
      0,
      0.49999988079071045,
      0.86602544784545898,
      0,
      1.1972517199865251e-08,
      2.6179132461547852,
      0.43191218376159668,
      1
    ],
    "objectMetadataList" : [
      [
        "65F6F990-A780-4474-B78B-572E0E4E273D",
        "Root"
      ],
      {
        "isExpanded" : true,
        "isLocked" : false
      }
    ]
  },
  "1510F6C7-214D-4800-9C6C-F3964D5FC3E3" : {
    "cameraTransform" : [
      0.99999994039535522,
      0,
      0,
      0,
      0,
      0.86602538824081421,
      -0.49999994039535522,
      0,
      0,
      0.49999994039535522,
      0.86602538824081421,
      0,
      0,
      0.27093535661697388,
      0.46927383542060852,
      1
    ],
    "objectMetadataList" : [
      [
        "1510F6C7-214D-4800-9C6C-F3964D5FC3E3",
        "Root"
      ],
      {
        "isExpanded" : true,
        "isLocked" : false
      }
    ]
  },
  "66168B71-AB05-424E-8B6C-D33D6E61B08F" : {
    "cameraTransform" : [
      1,
      0,
      0,
      0,
      0,
      0.86602538824081421,
      -0.5,
      0,
      0,
      0.5,
      0.86602538824081421,
      0,
      0,
      0.23875366151332855,
      0.41353350877761841,
      1
    ],
    "objectMetadataList" : [
      [
        "66168B71-AB05-424E-8B6C-D33D6E61B08F",
        "Root"
      ],
      {
        "isExpanded" : true,
        "isLocked" : false
      }
    ]
  },
  "AF09ED6F-1707-48FD-8720-65B998362C09" : {
    "cameraTransform" : [
      0.99999529123306274,
      3.837606447898434e-12,
      0.0030926910694688559,
      0,
      0.0018239576602354646,
      0.8075757622718811,
      -0.58976113796234131,
      0,
      -0.0024975824635475874,
      0.58976387977600098,
      0.80757194757461548,
      0,
      -0.0035067955031991005,
      0.67373287677764893,
      0.69184470176696777,
      1
    ],
    "objectMetadataList" : [
      [
        "AF09ED6F-1707-48FD-8720-65B998362C09",
        "Root"
      ],
      {
        "isExpanded" : true,
        "isLocked" : false
      }
    ]
  },
  "CB766F92-EE55-4A63-9401-E7B8C009764D" : {
    "cameraTransform" : [
      1,
      0,
      0,
      0,
      0,
      0.86602532863616943,
      -0.50000011920928955,
      0,
      0,
      0.50000011920928955,
      0.86602532863616943,
      0,
      0,
      0.27093493938446045,
      0.46927309036254883,
      1
    ],
    "objectMetadataList" : [
      [
        "CB766F92-EE55-4A63-9401-E7B8C009764D",
        "Root"
      ],
      {
        "isExpanded" : true,
        "isLocked" : false
      },
      [
        "CB766F92-EE55-4A63-9401-E7B8C009764D",
        "Root",
        "GridMaterial"
      ],
      {
        "isExpanded" : true,
        "isLocked" : false
      }
    ]
  },
  "D560BB77-AAF3-4BDE-B7C4-989332A4688B" : {
    "cameraTransform" : [
      1,
      0,
      0,
      0,
      0,
      0.86602532863616943,
      -0.50000011920928955,
      0,
      0,
      0.50000011920928955,
      0.86602532863616943,
      0,
      0,
      0.27093493938446045,
      0.46927309036254883,
      1
    ],
    "objectMetadataList" : [

    ]
  },
  "D66134B1-3681-4A8E-AFE5-29F257229F3B" : {
    "cameraTransform" : [
      1,
      0,
      0,
      0,
      0,
      0.70710688829421997,
      -0.70710670948028564,
      0,
      0,
      0.70710670948028564,
      0.70710688829421997,
      0,
      0,
      0.26894822716712952,
      0.26934713125228882,
      1
    ],
    "objectMetadataList" : [
      [
        "D66134B1-3681-4A8E-AFE5-29F257229F3B",
        "Root",
        "GridMaterial",
        "GridMaterial"
      ],
      {
        "isExpanded" : true,
        "isLocked" : false
      },
      [
        "D66134B1-3681-4A8E-AFE5-29F257229F3B",
        "Root"
      ],
      {
        "isExpanded" : true,
        "isLocked" : false
      }
    ]
  }
}